{
    "light_traffic": {
        "Wired AI": {
            "avg_waiting_time": 23.06864090460222,
            "avg_speed": 1.6854021757995468,
            "throughput": 85,
            "avg_response_time": 0.0,
            "avg_decision_time": 101.03783195401415
        }
    }
}